<?xml version="1.0" encoding="UTF-8"?>
<robot generated="20200322 10:55:44.763" generator="Robot 3.0.2 (Python 2.7.14 on win32)">
<suite source="D:\Anudeep_Automation\CollectEmail\TestSuite.robot" id="s1" name="TestSuite">
<kw type="setup" name="Open Browser" library="testscript">
<msg timestamp="20200322 10:55:45.990" level="INFO">Opening browser 'chrome' to base url 'https://www.sciencedirect.com/#life-sciences'.</msg>
<status status="PASS" endtime="20200322 10:55:58.913" starttime="20200322 10:55:45.990"></status>
</kw>
<test id="s1-t1" name="Neuroscience">
<kw name="Neuroscience" library="testscript">
<msg timestamp="20200322 10:55:58.926" level="INFO">Clicking element '(//div[@id='life-sciences']//ul[@class='u-padding-s-ver-from-md no-bullet-points']/li)[5]//a'.</msg>
<msg timestamp="20200322 10:56:05.227" level="INFO">Clicking element '//span[text()='Journals']/parent::label/span[1]'.</msg>
<msg timestamp="20200322 10:56:18.755" level="INFO">Journals pagination - 0</msg>
<msg timestamp="20200322 10:56:20.460" level="INFO">email count - 100</msg>
<msg timestamp="20200322 10:56:20.460" level="INFO">Journals count - 0</msg>
<msg timestamp="20200322 10:56:20.460" level="INFO">Clicking element '//li[@class='publication branded u-padding-xs-ver js-publication'][1]/a'.</msg>
<msg timestamp="20200322 10:56:30.906" level="INFO">Clicking element '//span[text()='All issues']'.</msg>
<msg timestamp="20200322 10:56:40.058" level="INFO">Volumes pagination - 4</msg>
<msg timestamp="20200322 10:56:42.711" level="INFO">Volumes expand icon count - 20</msg>
<msg timestamp="20200322 10:56:43.676" level="INFO">Clicking element '//section[@class='js-issue-list-content']/div[1]/a'.</msg>
<msg timestamp="20200322 10:56:52.950" level="INFO">articles count - 1</msg>
<msg timestamp="20200322 10:56:53.368" level="INFO">Current page contains element '//ol[contains(@class,'article-list-items')]/li//ol[@class='article-list']//li'.</msg>
<msg timestamp="20200322 10:56:53.647" level="INFO">sub articles1 count - 13</msg>
<msg timestamp="20200322 10:56:53.647" level="INFO">Clicking element '(//ol[contains(@class,'article-list-items')]/li//ol[@class='article-list']//li)[1]//a[@class='anchor article-content-title u-margin-xs-top u-margin-s-bottom']'.</msg>
<msg timestamp="20200322 10:57:07.361" level="INFO">Clicking element '(//*[local-name() = 'svg'][@class='icon icon-envelope'])[1]'.</msg>
<msg timestamp="20200322 10:57:17.534" level="INFO">Current page contains element '//div[@class='e-address']//a'.</msg>
<msg timestamp="20200322 10:57:19.290" level="INFO">Clicking element '//button[@title='Close']'.</msg>
<msg timestamp="20200322 10:57:22.000" level="INFO">Opening url 'https://www.sciencedirect.com/journal/acta-psychologica/vol/205/suppl/C'</msg>
<msg timestamp="20200322 10:57:27.827" level="INFO">Clicking element '(//ol[contains(@class,'article-list-items')]/li//ol[@class='article-list']//li)[2]//a[@class='anchor article-content-title u-margin-xs-top u-margin-s-bottom']'.</msg>
<msg timestamp="20200322 10:57:46.316" level="INFO">Clicking element '(//*[local-name() = 'svg'][@class='icon icon-envelope'])[1]'.</msg>
<msg timestamp="20200322 10:57:59.666" level="INFO">Current page contains element '//div[@class='e-address']//a'.</msg>
<msg timestamp="20200322 10:58:02.557" level="INFO">Clicking element '//button[@title='Close']'.</msg>
<msg timestamp="20200322 10:58:05.418" level="INFO">Opening url 'https://www.sciencedirect.com/journal/acta-psychologica/vol/205/suppl/C'</msg>
<msg timestamp="20200322 10:58:09.827" level="INFO">Clicking element '(//ol[contains(@class,'article-list-items')]/li//ol[@class='article-list']//li)[3]//a[@class='anchor article-content-title u-margin-xs-top u-margin-s-bottom']'.</msg>
<msg timestamp="20200322 10:58:21.924" level="INFO">Clicking element '(//*[local-name() = 'svg'][@class='icon icon-envelope'])[1]'.</msg>
<msg timestamp="20200322 10:58:29.068" level="INFO">Current page contains element '//div[@class='e-address']//a'.</msg>
<msg timestamp="20200322 10:58:30.694" level="INFO">Clicking element '//button[@title='Close']'.</msg>
<msg timestamp="20200322 10:58:34.656" level="INFO">Clicking element '(//*[local-name() = 'svg'][@class='icon icon-envelope'])[2]'.</msg>
<msg timestamp="20200322 10:58:41.971" level="INFO">Current page contains element '//div[@class='e-address']//a'.</msg>
<msg timestamp="20200322 10:58:43.739" level="INFO">Clicking element '//button[@title='Close']'.</msg>
<msg timestamp="20200322 10:58:44.878" level="INFO">Opening url 'https://www.sciencedirect.com/journal/acta-psychologica/vol/205/suppl/C'</msg>
<msg timestamp="20200322 10:58:50.175" level="INFO">Clicking element '(//ol[contains(@class,'article-list-items')]/li//ol[@class='article-list']//li)[4]//a[@class='anchor article-content-title u-margin-xs-top u-margin-s-bottom']'.</msg>
<msg timestamp="20200322 10:59:03.102" level="INFO">Clicking element '(//*[local-name() = 'svg'][@class='icon icon-envelope'])[1]'.</msg>
<msg timestamp="20200322 10:59:11.030" level="INFO">Current page contains element '//div[@class='e-address']//a'.</msg>
<msg timestamp="20200322 10:59:13.270" level="INFO">Clicking element '//button[@title='Close']'.</msg>
<msg timestamp="20200322 10:59:15.194" level="INFO">Opening url 'https://www.sciencedirect.com/journal/acta-psychologica/vol/205/suppl/C'</msg>
<msg timestamp="20200322 10:59:18.980" level="INFO">Clicking element '(//ol[contains(@class,'article-list-items')]/li//ol[@class='article-list']//li)[5]//a[@class='anchor article-content-title u-margin-xs-top u-margin-s-bottom']'.</msg>
<msg timestamp="20200322 10:59:31.149" level="INFO">Clicking element '(//*[local-name() = 'svg'][@class='icon icon-envelope'])[1]'.</msg>
<msg timestamp="20200322 10:59:38.135" level="INFO">Current page contains element '//div[@class='e-address']//a'.</msg>
<msg timestamp="20200322 10:59:39.897" level="INFO">Clicking element '//button[@title='Close']'.</msg>
<msg timestamp="20200322 10:59:42.148" level="INFO">Opening url 'https://www.sciencedirect.com/journal/acta-psychologica/vol/205/suppl/C'</msg>
<msg timestamp="20200322 10:59:46.295" level="INFO">Clicking element '(//ol[contains(@class,'article-list-items')]/li//ol[@class='article-list']//li)[6]//a[@class='anchor article-content-title u-margin-xs-top u-margin-s-bottom']'.</msg>
<msg timestamp="20200322 10:59:58.453" level="INFO">Clicking element '(//*[local-name() = 'svg'][@class='icon icon-envelope'])[1]'.</msg>
<msg timestamp="20200322 11:00:05.114" level="INFO">Current page contains element '//div[@class='e-address']//a'.</msg>
<msg timestamp="20200322 11:00:07.318" level="INFO">Clicking element '//button[@title='Close']'.</msg>
<msg timestamp="20200322 11:00:09.252" level="INFO">Opening url 'https://www.sciencedirect.com/journal/acta-psychologica/vol/205/suppl/C'</msg>
<msg timestamp="20200322 11:00:14.025" level="INFO">Clicking element '(//ol[contains(@class,'article-list-items')]/li//ol[@class='article-list']//li)[7]//a[@class='anchor article-content-title u-margin-xs-top u-margin-s-bottom']'.</msg>
<msg timestamp="20200322 11:00:30.404" level="INFO">Clicking element '(//*[local-name() = 'svg'][@class='icon icon-envelope'])[1]'.</msg>
<msg timestamp="20200322 11:00:38.023" level="INFO">Current page contains element '//div[@class='e-address']//a'.</msg>
<msg timestamp="20200322 11:00:39.838" level="INFO">Clicking element '//button[@title='Close']'.</msg>
<msg timestamp="20200322 11:00:41.437" level="INFO">Opening url 'https://www.sciencedirect.com/journal/acta-psychologica/vol/205/suppl/C'</msg>
<msg timestamp="20200322 11:00:45.635" level="INFO">Clicking element '(//ol[contains(@class,'article-list-items')]/li//ol[@class='article-list']//li)[8]//a[@class='anchor article-content-title u-margin-xs-top u-margin-s-bottom']'.</msg>
<msg timestamp="20200322 11:00:57.628" level="INFO">Clicking element '(//*[local-name() = 'svg'][@class='icon icon-envelope'])[1]'.</msg>
<msg timestamp="20200322 11:01:03.394" level="INFO">Current page contains element '//div[@class='e-address']//a'.</msg>
<msg timestamp="20200322 11:01:05.154" level="INFO">Clicking element '//button[@title='Close']'.</msg>
<msg timestamp="20200322 11:01:06.222" level="INFO">Opening url 'https://www.sciencedirect.com/journal/acta-psychologica/vol/205/suppl/C'</msg>
<msg timestamp="20200322 11:01:11.070" level="INFO">Clicking element '(//ol[contains(@class,'article-list-items')]/li//ol[@class='article-list']//li)[9]//a[@class='anchor article-content-title u-margin-xs-top u-margin-s-bottom']'.</msg>
<msg timestamp="20200322 11:01:21.764" level="INFO">Clicking element '(//*[local-name() = 'svg'][@class='icon icon-envelope'])[1]'.</msg>
<msg timestamp="20200322 11:01:28.843" level="INFO">Current page contains element '//div[@class='e-address']//a'.</msg>
<msg timestamp="20200322 11:01:31.516" level="INFO">Clicking element '//button[@title='Close']'.</msg>
<msg timestamp="20200322 11:01:32.928" level="INFO">Opening url 'https://www.sciencedirect.com/journal/acta-psychologica/vol/205/suppl/C'</msg>
<msg timestamp="20200322 11:01:37.573" level="INFO">Clicking element '(//ol[contains(@class,'article-list-items')]/li//ol[@class='article-list']//li)[10]//a[@class='anchor article-content-title u-margin-xs-top u-margin-s-bottom']'.</msg>
<msg timestamp="20200322 11:01:48.084" level="INFO">Clicking element '(//*[local-name() = 'svg'][@class='icon icon-envelope'])[1]'.</msg>
<msg timestamp="20200322 11:01:54.633" level="INFO">Current page contains element '//div[@class='e-address']//a'.</msg>
<msg timestamp="20200322 11:01:56.790" level="INFO">Clicking element '//button[@title='Close']'.</msg>
<msg timestamp="20200322 11:01:58.069" level="INFO">Opening url 'https://www.sciencedirect.com/journal/acta-psychologica/vol/205/suppl/C'</msg>
<msg timestamp="20200322 11:02:03.475" level="INFO">Clicking element '(//ol[contains(@class,'article-list-items')]/li//ol[@class='article-list']//li)[11]//a[@class='anchor article-content-title u-margin-xs-top u-margin-s-bottom']'.</msg>
<msg timestamp="20200322 11:02:14.428" level="INFO">Clicking element '(//*[local-name() = 'svg'][@class='icon icon-envelope'])[1]'.</msg>
<msg timestamp="20200322 11:02:21.371" level="INFO">Current page contains element '//div[@class='e-address']//a'.</msg>
<msg timestamp="20200322 11:02:24.050" level="INFO">Clicking element '//button[@title='Close']'.</msg>
<msg timestamp="20200322 11:02:25.363" level="INFO">Opening url 'https://www.sciencedirect.com/journal/acta-psychologica/vol/205/suppl/C'</msg>
<msg timestamp="20200322 11:02:28.957" level="INFO">Clicking element '(//ol[contains(@class,'article-list-items')]/li//ol[@class='article-list']//li)[12]//a[@class='anchor article-content-title u-margin-xs-top u-margin-s-bottom']'.</msg>
<msg timestamp="20200322 11:02:38.929" level="INFO">Clicking element '(//*[local-name() = 'svg'][@class='icon icon-envelope'])[1]'.</msg>
<msg timestamp="20200322 11:02:45.878" level="INFO">Current page contains element '//div[@class='e-address']//a'.</msg>
<msg timestamp="20200322 11:02:47.753" level="INFO">Clicking element '//button[@title='Close']'.</msg>
<msg timestamp="20200322 11:02:50.685" level="INFO">Clicking element '(//*[local-name() = 'svg'][@class='icon icon-envelope'])[2]'.</msg>
<msg timestamp="20200322 11:02:56.713" level="INFO">Current page contains element '//div[@class='e-address']//a'.</msg>
<msg timestamp="20200322 11:02:58.709" level="INFO">Clicking element '//button[@title='Close']'.</msg>
<msg timestamp="20200322 11:03:02.067" level="INFO">Clicking element '(//*[local-name() = 'svg'][@class='icon icon-envelope'])[3]'.</msg>
<msg timestamp="20200322 11:03:09.759" level="INFO">Current page contains element '//div[@class='e-address']//a'.</msg>
<msg timestamp="20200322 11:03:12.085" level="INFO">Clicking element '//button[@title='Close']'.</msg>
<msg timestamp="20200322 11:03:13.743" level="INFO">Opening url 'https://www.sciencedirect.com/journal/acta-psychologica/vol/205/suppl/C'</msg>
<msg timestamp="20200322 11:03:17.910" level="INFO">Clicking element '(//ol[contains(@class,'article-list-items')]/li//ol[@class='article-list']//li)[13]//a[@class='anchor article-content-title u-margin-xs-top u-margin-s-bottom']'.</msg>
<msg timestamp="20200322 11:03:28.618" level="INFO">Clicking element '(//*[local-name() = 'svg'][@class='icon icon-envelope'])[1]'.</msg>
<msg timestamp="20200322 11:03:35.875" level="INFO">Current page contains element '//div[@class='e-address']//a'.</msg>
<msg timestamp="20200322 11:03:37.590" level="INFO">Clicking element '//button[@title='Close']'.</msg>
<msg timestamp="20200322 11:03:39.576" level="INFO">Opening url 'https://www.sciencedirect.com/journal/acta-psychologica/vol/205/suppl/C'</msg>
<msg timestamp="20200322 11:03:43.599" level="INFO">Opening url 'https://www.sciencedirect.com/journal/acta-psychologica/issues'</msg>
<msg timestamp="20200322 11:03:49.530" level="INFO">Clicking element '//section[@class='js-issue-list-content']/div[2]/a'.</msg>
<msg timestamp="20200322 11:03:59.743" level="INFO">articles count - 3</msg>
<msg timestamp="20200322 11:04:00.495" level="INFO">Current page contains element '//ol[contains(@class,'article-list-items')]/li//ol[@class='article-list']//li'.</msg>
<msg timestamp="20200322 11:04:00.823" level="INFO">sub articles1 count - 17</msg>
<msg timestamp="20200322 11:04:00.823" level="INFO">Clicking element '(//ol[contains(@class,'article-list-items')]/li//ol[@class='article-list']//li)[1]//a[@class='anchor article-content-title u-margin-xs-top u-margin-s-bottom']'.</msg>
<msg timestamp="20200322 11:04:08.643" level="INFO">Opening url 'https://www.sciencedirect.com/journal/acta-psychologica/vol/204/suppl/C'</msg>
<msg timestamp="20200322 11:04:17.665" level="INFO">Clicking element '(//ol[contains(@class,'article-list-items')]/li//ol[@class='article-list']//li)[2]//a[@class='anchor article-content-title u-margin-xs-top u-margin-s-bottom']'.</msg>
<msg timestamp="20200322 11:04:28.725" level="INFO">Clicking element '(//*[local-name() = 'svg'][@class='icon icon-envelope'])[1]'.</msg>
<msg timestamp="20200322 11:04:34.593" level="INFO">Current page contains element '//div[@class='e-address']//a'.</msg>
<msg timestamp="20200322 11:04:36.334" level="INFO">Clicking element '//button[@title='Close']'.</msg>
<msg timestamp="20200322 11:04:38.017" level="INFO">Opening url 'https://www.sciencedirect.com/journal/acta-psychologica/vol/204/suppl/C'</msg>
<msg timestamp="20200322 11:04:42.742" level="INFO">Clicking element '(//ol[contains(@class,'article-list-items')]/li//ol[@class='article-list']//li)[3]//a[@class='anchor article-content-title u-margin-xs-top u-margin-s-bottom']'.</msg>
<msg timestamp="20200322 11:04:55.005" level="INFO">Clicking element '(//*[local-name() = 'svg'][@class='icon icon-envelope'])[1]'.</msg>
<msg timestamp="20200322 11:05:01.684" level="INFO">Current page contains element '//div[@class='e-address']//a'.</msg>
<msg timestamp="20200322 11:05:03.875" level="INFO">Clicking element '//button[@title='Close']'.</msg>
<msg timestamp="20200322 11:05:07.632" level="INFO">Clicking element '(//*[local-name() = 'svg'][@class='icon icon-envelope'])[2]'.</msg>
<msg timestamp="20200322 11:05:15.322" level="INFO">Current page contains element '//div[@class='e-address']//a'.</msg>
<msg timestamp="20200322 11:05:17.735" level="INFO">Clicking element '//button[@title='Close']'.</msg>
<msg timestamp="20200322 11:05:21.702" level="INFO">Double clicking element '//button[@title='Close']'.</msg>
<msg timestamp="20200322 11:05:35.268" level="INFO">Clicking element '//a[@href='#life-sciences']'.</msg>
<msg timestamp="20200322 11:05:42.438" level="FAIL">WebDriverException: Message: chrome not reachable
  (Session info: chrome=79.0.3945.130)
  (Driver info: chromedriver=2.40.565498 (ea082db3280dd6843ebfb08a625e3eb905c4f5ab),platform=Windows NT 10.0.14393 x86_64)
</msg>
<status status="FAIL" endtime="20200322 11:05:42.438" starttime="20200322 10:55:58.925"></status>
</kw>
<status status="FAIL" endtime="20200322 11:05:42.553" critical="yes" starttime="20200322 10:55:58.913">WebDriverException: Message: chrome not reachable
  (Session info: chrome=79.0.3945.130)
  (Driver info: chromedriver=2.40.565498 (ea082db3280dd6843ebfb08a625e3eb905c4f5ab),platform=Windows NT 10.0.14393 x86_64)
</status>
</test>
<status status="FAIL" endtime="20200322 11:05:42.556" starttime="20200322 10:55:44.771"></status>
</suite>
<statistics>
<total>
<stat fail="1" pass="0">Critical Tests</stat>
<stat fail="1" pass="0">All Tests</stat>
</total>
<tag>
</tag>
<suite>
<stat fail="1" id="s1" name="TestSuite" pass="0">TestSuite</stat>
</suite>
</statistics>
<errors>
</errors>
</robot>
